<?xml version="1.0" encoding="UTF-8"?>
<TextureAtlas>
  <SubTexture name="shield3.png" x="2" y="2" width="144" height="137"/>
  <SubTexture name="buttonBlue.png" x="2" y="143" width="222" height="39"/>
  <SubTexture name="buttonGreen.png" x="150" y="2" width="222" height="39"/>
  <SubTexture name="buttonRed.png" x="150" y="45" width="222" height="39"/>
  <SubTexture name="buttonYellow.png" x="150" y="88" width="222" height="39"/>
  <SubTexture name="shield2.png" x="228" y="131" width="143" height="119"/>
  <SubTexture name="shield1.png" x="2" y="186" width="133" height="108"/>
  <SubTexture name="speed.png" x="139" y="186" width="7" height="108"/>
  <SubTexture name="wingBlue_2.png" x="150" y="186" width="26" height="84"/>
  <SubTexture name="meteorBrown_big2.png" x="180" y="254" width="120" height="98"/>
  <SubTexture name="cockpitBlue_2.png" x="180" y="186" width="42" height="56"/>
  <SubTexture name="meteorGrey_big2.png" x="2" y="298" width="120" height="98"/>
  <SubTexture name="wingGreen_2.png" x="126" y="298" width="26" height="84"/>
  <SubTexture name="scratch1.png" x="150" y="274" width="21" height="16"/>
  <SubTexture name="beamLong1.png" x="156" y="294" width="15" height="67"/>
  <SubTexture name="meteorBrown_big4.png" x="304" y="254" width="98" height="96"/>
  <SubTexture name="playerShip2_damage2.png" x="376" y="2" width="112" height="76"/>
  <SubTexture name="playerShip2_damage3.png" x="376" y="82" width="112" height="76"/>
  <SubTexture name="playerShip2_blue.png" x="375" y="162" width="112" height="75"/>
  <SubTexture name="playerShip2_green.png" x="304" y="354" width="112" height="75"/>
  <SubTexture name="playerShip2_orange.png" x="406" y="241" width="112" height="75"/>
  <SubTexture name="playerShip2_red.png" x="492" y="2" width="112" height="75"/>
  <SubTexture name="playerShip2_damage1.png" x="492" y="81" width="111" height="76"/>
  <SubTexture name="playerShip1_damage3.png" x="492" y="161" width="100" height="76"/>
  <SubTexture name="playerShip1_damage1.png" x="596" y="161" width="99" height="76"/>
  <SubTexture name="playerShip1_damage2.png" x="699" y="161" width="99" height="76"/>
  <SubTexture name="enemyBlack2.png" x="608" y="2" width="104" height="84"/>
  <SubTexture name="enemyBlue2.png" x="716" y="2" width="104" height="84"/>
  <SubTexture name="playerShip1_blue.png" x="824" y="81" width="99" height="75"/>
  <SubTexture name="playerShip1_green.png" x="824" y="2" width="99" height="75"/>
  <SubTexture name="cockpitBlue_3.png" x="607" y="90" width="60" height="61"/>
  <SubTexture name="cockpitGreen_3.png" x="671" y="90" width="60" height="61"/>
  <SubTexture name="cockpitRed_3.png" x="735" y="90" width="60" height="61"/>
  <SubTexture name="laserBlue12.png" x="799" y="90" width="13" height="57"/>
  <SubTexture name="meteorGrey_big4.png" x="2" y="400" width="98" height="96"/>
  <SubTexture name="ufoBlue.png" x="104" y="400" width="91" height="91"/>
  <SubTexture name="meteorBrown_med3.png" x="175" y="356" width="45" height="40"/>
  <SubTexture name="fire01.png" x="156" y="365" width="14" height="31"/>
  <SubTexture name="meteorGrey_med2.png" x="224" y="356" width="45" height="40"/>
  <SubTexture name="ufoGreen.png" x="199" y="400" width="91" height="91"/>
  <SubTexture name="gun06.png" x="273" y="356" width="17" height="38"/>
  <SubTexture name="engine5.png" x="406" y="320" width="44" height="24"/>
  <SubTexture name="ufoRed.png" x="420" y="348" width="91" height="91"/>
  <SubTexture name="ufoYellow.png" x="294" y="433" width="91" height="91"/>
  <SubTexture name="enemyGreen2.png" x="2" y="500" width="104" height="84"/>
  <SubTexture name="enemyRed2.png" x="110" y="495" width="104" height="84"/>
  <SubTexture name="wingRed_0.png" x="218" y="495" width="26" height="84"/>
  <SubTexture name="wingYellow_2.png" x="248" y="495" width="26" height="84"/>
  <SubTexture name="laserBlue13.png" x="278" y="495" width="9" height="57"/>
  <SubTexture name="beam6.png" x="454" y="320" width="43" height="23"/>
  <SubTexture name="beam4.png" x="501" y="320" width="41" height="17"/>
  <SubTexture name="playerShip1_orange.png" x="522" y="241" width="99" height="75"/>
  <SubTexture name="beamLong2.png" x="389" y="433" width="25" height="64"/>
  <SubTexture name="enemyBlack3.png" x="418" y="443" width="103" height="84"/>
  <SubTexture name="enemyBlue3.png" x="515" y="341" width="103" height="84"/>
  <SubTexture name="enemyGreen3.png" x="291" y="528" width="103" height="84"/>
  <SubTexture name="pill_blue.png" x="389" y="501" width="22" height="21"/>
  <SubTexture name="enemyRed3.png" x="2" y="588" width="103" height="84"/>
  <SubTexture name="meteorBrown_big1.png" x="109" y="588" width="101" height="84"/>
  <SubTexture name="wingBlue_7.png" x="214" y="583" width="43" height="83"/>
  <SubTexture name="wingGreen_7.png" x="214" y="670" width="43" height="83"/>
  <SubTexture name="meteorGrey_big1.png" x="2" y="676" width="101" height="84"/>
  <SubTexture name="enemyBlack5.png" x="2" y="764" width="97" height="84"/>
  <SubTexture name="enemyBlue5.png" x="107" y="676" width="97" height="84"/>
  <SubTexture name="laserBlue14.png" x="261" y="583" width="13" height="57"/>
  <SubTexture name="laserBlue15.png" x="278" y="556" width="9" height="57"/>
  <SubTexture name="laserGreen02.png" x="398" y="526" width="13" height="57"/>
  <SubTexture name="scratch2.png" x="546" y="320" width="21" height="16"/>
  <SubTexture name="meteorBrown_tiny2.png" x="571" y="320" width="16" height="15"/>
  <SubTexture name="meteorGrey_tiny2.png" x="591" y="320" width="16" height="15"/>
  <SubTexture name="scratch3.png" x="611" y="320" width="16" height="12"/>
  <SubTexture name="playerShip1_red.png" x="625" y="241" width="99" height="75"/>
  <SubTexture name="enemyGreen5.png" x="525" y="429" width="97" height="84"/>
  <SubTexture name="playerShip3_blue.png" x="622" y="336" width="98" height="75"/>
  <SubTexture name="enemyRed5.png" x="525" y="517" width="97" height="84"/>
  <SubTexture name="enemyBlack1.png" x="398" y="587" width="93" height="84"/>
  <SubTexture name="engine4.png" x="415" y="531" width="49" height="45"/>
  <SubTexture name="laserBlue08.png" x="468" y="531" width="48" height="46"/>
  <SubTexture name="enemyBlue1.png" x="261" y="644" width="93" height="84"/>
  <SubTexture name="beam1.png" x="291" y="616" width="40" height="20"/>
  <SubTexture name="engine1.png" x="335" y="616" width="38" height="23"/>
  <SubTexture name="laserGreen06.png" x="358" y="643" width="13" height="57"/>
  <SubTexture name="laserRed12.png" x="375" y="643" width="13" height="57"/>
  <SubTexture name="laserRed14.png" x="495" y="581" width="13" height="57"/>
  <SubTexture name="laserGreen03.png" x="512" y="581" width="9" height="57"/>
  <SubTexture name="playerShip3_green.png" x="525" y="605" width="98" height="75"/>
  <SubTexture name="enemyGreen1.png" x="392" y="675" width="93" height="84"/>
  <SubTexture name="enemyRed1.png" x="208" y="757" width="93" height="84"/>
  <SubTexture name="pill_green.png" x="261" y="732" width="22" height="21"/>
  <SubTexture name="pill_red.png" x="287" y="732" width="22" height="21"/>
  <SubTexture name="enemyBlack4.png" x="103" y="764" width="82" height="84"/>
  <SubTexture name="enemyBlue4.png" x="305" y="757" width="82" height="84"/>
  <SubTexture name="gun05.png" x="358" y="704" width="21" height="41"/>
  <SubTexture name="pill_yellow.png" x="313" y="732" width="22" height="21"/>
  <SubTexture name="laserGreen07.png" x="189" y="764" width="9" height="57"/>
  <SubTexture name="laserRed13.png" x="189" y="825" width="9" height="57"/>
  <SubTexture name="playerShip3_damage1.png" x="2" y="852" width="97" height="76"/>
  <SubTexture name="enemyGreen4.png" x="103" y="852" width="82" height="84"/>
  <SubTexture name="meteorBrown_big3.png" x="2" y="932" width="89" height="82"/>
  <SubTexture name="laserRed15.png" x="489" y="675" width="9" height="57"/>
  <SubTexture name="turretBase_small.png" x="495" y="642" width="26" height="26"/>
  <SubTexture name="laserBlue16.png" x="502" y="672" width="13" height="54"/>
  <SubTexture name="playerShip3_orange.png" x="626" y="415" width="98" height="75"/>
  <SubTexture name="playerShip3_red.png" x="724" y="320" width="98" height="75"/>
  <SubTexture name="laserGreen10.png" x="802" y="151" width="13" height="54"/>
  <SubTexture name="laserRed16.png" x="802" y="209" width="13" height="54"/>
  <SubTexture name="fire18.png" x="802" y="267" width="16" height="41"/>
  <SubTexture name="cockpitYellow_1.png" x="728" y="241" width="60" height="61"/>
  <SubTexture name="playerShip3_damage2.png" x="822" y="160" width="97" height="76"/>
  <SubTexture name="playerShip3_damage3.png" x="822" y="240" width="97" height="76"/>
  <SubTexture name="cockpitBlue_0.png" x="923" y="240" width="51" height="75"/>
  <SubTexture name="cockpitGreen_0.png" x="923" y="160" width="51" height="75"/>
  <SubTexture name="enemyRed4.png" x="927" y="2" width="82" height="84"/>
  <SubTexture name="laserBlue09.png" x="927" y="90" width="48" height="46"/>
  <SubTexture name="meteorGrey_big3.png" x="626" y="494" width="89" height="82"/>
  <SubTexture name="wingRed_6.png" x="627" y="580" width="43" height="83"/>
  <SubTexture name="cockpitRed_0.png" x="627" y="667" width="51" height="75"/>
  <SubTexture name="wingYellow_7.png" x="489" y="736" width="43" height="83"/>
  <SubTexture name="laserGreen14.png" x="519" y="684" width="48" height="46"/>
  <SubTexture name="wingBlue_4.png" x="391" y="763" width="42" height="80"/>
  <SubTexture name="wingGreen_4.png" x="391" y="847" width="42" height="80"/>
  <SubTexture name="cockpitYellow_7.png" x="202" y="845" width="51" height="75"/>
  <SubTexture name="laserBlue01.png" x="189" y="886" width="9" height="54"/>
  <SubTexture name="wingBlue_3.png" x="95" y="940" width="51" height="75"/>
  <SubTexture name="laserGreen11.png" x="150" y="940" width="9" height="54"/>
  <SubTexture name="laserRed01.png" x="163" y="940" width="9" height="54"/>
  <SubTexture name="laserBlue03.png" x="176" y="940" width="9" height="37"/>
  <SubTexture name="wingRed_3.png" x="257" y="845" width="42" height="80"/>
  <SubTexture name="wingYellow_4.png" x="202" y="924" width="42" height="80"/>
  <SubTexture name="gun03.png" x="176" y="981" width="20" height="41"/>
  <SubTexture name="meteorBrown_tiny1.png" x="150" y="998" width="18" height="18"/>
  <SubTexture name="wingGreen_3.png" x="248" y="929" width="51" height="75"/>
  <SubTexture name="wingBlue_0.png" x="303" y="845" width="45" height="78"/>
  <SubTexture name="wingRed_2.png" x="303" y="927" width="51" height="75"/>
  <SubTexture name="gun09.png" x="352" y="845" width="20" height="52"/>
  <SubTexture name="engine3.png" x="352" y="901" width="27" height="22"/>
  <SubTexture name="gun08.png" x="376" y="845" width="10" height="47"/>
  <SubTexture name="gun10.png" x="358" y="927" width="20" height="52"/>
  <SubTexture name="wingGreen_0.png" x="437" y="763" width="45" height="78"/>
  <SubTexture name="wingRed_7.png" x="536" y="734" width="45" height="78"/>
  <SubTexture name="laserGreen15.png" x="571" y="684" width="48" height="46"/>
  <SubTexture name="wingBlue_1.png" x="585" y="734" width="37" height="72"/>
  <SubTexture name="wingGreen_1.png" x="585" y="810" width="37" height="72"/>
  <SubTexture name="wingRed_1.png" x="585" y="886" width="37" height="72"/>
  <SubTexture name="laserGreen01.png" x="585" y="962" width="37" height="38"/>
  <SubTexture name="meteorGrey_tiny1.png" x="585" y="1004" width="18" height="18"/>
  <SubTexture name="wingYellow_0.png" x="437" y="845" width="45" height="78"/>
  <SubTexture name="wingYellow_3.png" x="437" y="927" width="51" height="75"/>
  <SubTexture name="cockpitBlue_5.png" x="382" y="931" width="48" height="75"/>
  <SubTexture name="gun00.png" x="358" y="983" width="16" height="36"/>
  <SubTexture name="wingBlue_5.png" x="486" y="823" width="51" height="69"/>
  <SubTexture name="cockpitGreen_7.png" x="492" y="896" width="48" height="75"/>
  <SubTexture name="wingYellow_1.png" x="541" y="816" width="37" height="72"/>
  <SubTexture name="laserRed08.png" x="492" y="975" width="48" height="46"/>
  <SubTexture name="fire19.png" x="544" y="892" width="16" height="41"/>
  <SubTexture name="gun04.png" x="544" y="937" width="16" height="41"/>
  <SubTexture name="laserBlue10.png" x="544" y="982" width="37" height="37"/>
  <SubTexture name="gun07.png" x="564" y="892" width="14" height="41"/>
  <SubTexture name="fire00.png" x="564" y="937" width="16" height="40"/>
  <SubTexture name="wingGreen_5.png" x="674" y="580" width="51" height="69"/>
  <SubTexture name="wingRed_4.png" x="728" y="399" width="51" height="69"/>
  <SubTexture name="wingYellow_5.png" x="728" y="472" width="51" height="69"/>
  <SubTexture name="beam0.png" x="719" y="545" width="43" height="31"/>
  <SubTexture name="cockpitRed_5.png" x="682" y="653" width="48" height="75"/>
  <SubTexture name="laserRed09.png" x="729" y="580" width="48" height="46"/>
  <SubTexture name="engine2.png" x="766" y="545" width="42" height="28"/>
  <SubTexture name="cockpitYellow_3.png" x="783" y="399" width="48" height="75"/>
  <SubTexture name="cockpitBlue_4.png" x="826" y="320" width="47" height="67"/>
  <SubTexture name="meteorBrown_med1.png" x="783" y="478" width="43" height="43"/>
  <SubTexture name="cockpitGreen_4.png" x="682" y="732" width="47" height="67"/>
  <SubTexture name="wingBlue_6.png" x="626" y="746" width="42" height="74"/>
  <SubTexture name="wingGreen_6.png" x="626" y="824" width="42" height="74"/>
  <SubTexture name="cockpitRed_4.png" x="733" y="732" width="47" height="67"/>
  <SubTexture name="cockpitYellow_2.png" x="781" y="577" width="47" height="67"/>
  <SubTexture name="wingRed_5.png" x="734" y="630" width="42" height="74"/>
  <SubTexture name="meteorGrey_med1.png" x="830" y="478" width="43" height="43"/>
  <SubTexture name="wingYellow_6.png" x="835" y="391" width="42" height="74"/>
  <SubTexture name="cockpitBlue_6.png" x="877" y="320" width="42" height="67"/>
  <SubTexture name="turretBase_big.png" x="812" y="525" width="41" height="41"/>
  <SubTexture name="cockpitGreen_5.png" x="780" y="648" width="42" height="67"/>
  <SubTexture name="cockpitBlue_7.png" x="784" y="719" width="41" height="71"/>
  <SubTexture name="cockpitRed_6.png" x="826" y="648" width="42" height="67"/>
  <SubTexture name="cockpitYellow_4.png" x="857" y="525" width="42" height="67"/>
  <SubTexture name="fire08.png" x="832" y="570" width="16" height="40"/>
  <SubTexture name="bold_silver.png" x="832" y="614" width="19" height="30"/>
  <SubTexture name="cockpitGreen_2.png" x="881" y="391" width="42" height="56"/>
  <SubTexture name="cockpitRed_2.png" x="923" y="319" width="42" height="56"/>
  <SubTexture name="cockpitYellow_6.png" x="881" y="451" width="42" height="56"/>
  <SubTexture name="cockpitBlue_1.png" x="855" y="596" width="40" height="40"/>
  <SubTexture name="cockpitGreen_6.png" x="784" y="794" width="41" height="71"/>
  <SubTexture name="cockpitRed_7.png" x="672" y="803" width="41" height="71"/>
  <SubTexture name="cockpitYellow_5.png" x="672" y="878" width="41" height="71"/>
  <SubTexture name="cockpitGreen_1.png" x="672" y="953" width="40" height="40"/>
  <SubTexture name="cockpitRed_1.png" x="626" y="902" width="40" height="40"/>
  <SubTexture name="cockpitYellow_0.png" x="626" y="946" width="40" height="40"/>
  <SubTexture name="beam2.png" x="626" y="990" width="38" height="31"/>
  <SubTexture name="fire09.png" x="717" y="803" width="16" height="40"/>
  <SubTexture name="fire10.png" x="717" y="847" width="16" height="40"/>
  <SubTexture name="laserBlue11.png" x="737" y="803" width="38" height="37"/>
  <SubTexture name="laserGreen16.png" x="737" y="844" width="37" height="37"/>
  <SubTexture name="beam5.png" x="778" y="869" width="40" height="25"/>
  <SubTexture name="laserRed11.png" x="717" y="891" width="37" height="37"/>
  <SubTexture name="laserBlue02.png" x="758" y="891" width="13" height="37"/>
  <SubTexture name="laserRed10.png" x="822" y="869" width="37" height="36"/>
  <SubTexture name="laserBlue04.png" x="775" y="898" width="13" height="37"/>
  <SubTexture name="laserBlue06.png" x="717" y="932" width="13" height="37"/>
  <SubTexture name="laserGreen04.png" x="734" y="932" width="13" height="37"/>
  <SubTexture name="laserGreen08.png" x="751" y="932" width="13" height="37"/>
  <SubTexture name="laserGreen12.png" x="792" y="898" width="13" height="37"/>
  <SubTexture name="laserBlue05.png" x="809" y="898" width="9" height="37"/>
  <SubTexture name="playerLife2_blue.png" x="829" y="719" width="37" height="26"/>
  <SubTexture name="playerLife2_green.png" x="829" y="749" width="37" height="26"/>
  <SubTexture name="playerLife2_orange.png" x="829" y="779" width="37" height="26"/>
  <SubTexture name="playerLife2_red.png" x="829" y="809" width="37" height="26"/>
  <SubTexture name="laserRed02.png" x="863" y="839" width="13" height="37"/>
  <SubTexture name="meteorBrown_small2.png" x="829" y="839" width="29" height="26"/>
  <SubTexture name="powerupBlue.png" x="870" y="719" width="34" height="33"/>
  <SubTexture name="powerupBlue_bolt.png" x="899" y="596" width="34" height="33"/>
  <SubTexture name="powerupBlue_shield.png" x="903" y="511" width="34" height="33"/>
  <SubTexture name="powerupBlue_star.png" x="903" y="548" width="34" height="33"/>
  <SubTexture name="powerupGreen.png" x="899" y="633" width="34" height="33"/>
  <SubTexture name="laserRed04.png" x="872" y="640" width="13" height="37"/>
  <SubTexture name="bolt_bronze.png" x="872" y="681" width="19" height="30"/>
  <SubTexture name="laserRed06.png" x="927" y="379" width="13" height="37"/>
  <SubTexture name="powerupGreen_bolt.png" x="927" y="420" width="34" height="33"/>
  <SubTexture name="powerupGreen_shield.png" x="944" y="379" width="34" height="33"/>
  <SubTexture name="powerupGreen_star.png" x="969" y="319" width="34" height="33"/>
  <SubTexture name="powerupRed.png" x="927" y="457" width="34" height="33"/>
  <SubTexture name="powerupRed_bolt.png" x="895" y="670" width="34" height="33"/>
  <SubTexture name="powerupRed_shield.png" x="870" y="756" width="34" height="33"/>
  <SubTexture name="powerupRed_star.png" x="870" y="793" width="34" height="33"/>
  <SubTexture name="powerupYellow.png" x="863" y="880" width="34" height="33"/>
  <SubTexture name="laserBlue07.png" x="822" y="909" width="9" height="37"/>
  <SubTexture name="laserGreen05.png" x="768" y="939" width="9" height="37"/>
  <SubTexture name="powerupYellow_bolt.png" x="716" y="973" width="34" height="33"/>
  <SubTexture name="laserGreen09.png" x="754" y="973" width="9" height="37"/>
  <SubTexture name="star1.png" x="668" y="997" width="25" height="24"/>
  <SubTexture name="laserGreen13.png" x="781" y="939" width="9" height="37"/>
  <SubTexture name="laserRed03.png" x="794" y="939" width="9" height="37"/>
  <SubTexture name="laserRed05.png" x="807" y="939" width="9" height="37"/>
  <SubTexture name="laserRed07.png" x="835" y="909" width="9" height="37"/>
  <SubTexture name="powerupYellow_shield.png" x="880" y="830" width="34" height="33"/>
  <SubTexture name="powerupYellow_star.png" x="908" y="707" width="34" height="33"/>
  <SubTexture name="playerLife1_blue.png" x="933" y="670" width="33" height="26"/>
  <SubTexture name="things_bronze.png" x="937" y="585" width="32" height="32"/>
  <SubTexture name="playerLife1_green.png" x="937" y="621" width="33" height="26"/>
  <SubTexture name="playerLife1_orange.png" x="973" y="585" width="33" height="26"/>
  <SubTexture name="cursor.png" x="941" y="494" width="30" height="33"/>
  <SubTexture name="gun01.png" x="965" y="416" width="17" height="33"/>
  <SubTexture name="things_gold.png" x="982" y="356" width="32" height="32"/>
  <SubTexture name="playerLife1_red.png" x="965" y="453" width="33" height="26"/>
  <SubTexture name="gun02.png" x="986" y="392" width="14" height="36"/>
  <SubTexture name="things_silver.png" x="941" y="531" width="32" height="32"/>
  <SubTexture name="star_bronze.png" x="975" y="483" width="31" height="30"/>
  <SubTexture name="fire03.png" x="1002" y="432" width="14" height="34"/>
  <SubTexture name="fire13.png" x="1004" y="392" width="14" height="34"/>
  <SubTexture name="fire02.png" x="977" y="517" width="14" height="32"/>
  <SubTexture name="playerLife3_blue.png" x="977" y="553" width="32" height="26"/>
  <SubTexture name="star2.png" x="995" y="517" width="25" height="24"/>
  <SubTexture name="playerLife3_green.png" x="908" y="744" width="32" height="26"/>
  <SubTexture name="playerLife3_orange.png" x="908" y="774" width="32" height="26"/>
  <SubTexture name="fire12.png" x="901" y="867" width="14" height="32"/>
  <SubTexture name="playerLife3_red.png" x="918" y="804" width="32" height="26"/>
  <SubTexture name="star_gold.png" x="944" y="744" width="31" height="30"/>
  <SubTexture name="star_silver.png" x="946" y="700" width="31" height="30"/>
  <SubTexture name="shield_bronze.png" x="970" y="651" width="30" height="30"/>
  <SubTexture name="shield_gold.png" x="981" y="615" width="30" height="30"/>
  <SubTexture name="beam3.png" x="918" y="834" width="29" height="29"/>
  <SubTexture name="shield_silver.png" x="901" y="903" width="30" height="30"/>
  <SubTexture name="meteorGrey_small2.png" x="919" y="867" width="29" height="26"/>
  <SubTexture name="meteorBrown_small1.png" x="951" y="834" width="28" height="28"/>
  <SubTexture name="meteorGrey_small1.png" x="954" y="778" width="28" height="28"/>
  <SubTexture name="star3.png" x="979" y="734" width="24" height="24"/>
  <SubTexture name="bolt_gold.png" x="986" y="685" width="19" height="30"/>
  <SubTexture name="fire04.png" x="1007" y="649" width="14" height="31"/>
  <SubTexture name="fire05.png" x="848" y="917" width="14" height="31"/>
  <SubTexture name="fire06.png" x="820" y="950" width="14" height="31"/>
  <SubTexture name="fire07.png" x="767" y="980" width="14" height="31"/>
  <SubTexture name="fire11.png" x="785" y="980" width="14" height="31"/>
  <SubTexture name="fire14.png" x="866" y="917" width="14" height="31"/>
  <SubTexture name="fire15.png" x="935" y="897" width="14" height="31"/>
  <SubTexture name="fire16.png" x="952" y="932" width="14" height="31"/>
  <SubTexture name="fire17.png" x="884" y="937" width="14" height="31"/>
</TextureAtlas>